word	id	tf
my	0	8
name	1	1
is	2	44
jason	3	1
and	4	161
i	5	24
run	6	2
the	7	187
targeted	8	3
operations	9	6
red	10	4
team	11	5
at	12	16
trustedsec	13	5
an	14	23
end	15	6
to	16	126
offensive	17	3
security	18	54
shop	19	2
founded	20	1
by	21	27
david	22	1
kennedy	23	1
based	24	12
in	25	86
cleveland	26	1
oh	27	1
area	28	2
we	29	53
all	30	5
manner	31	1
of	32	148
advanced	33	2
engagements	34	1
have	35	21
succeeded	36	1
compromising	37	1
some	38	3
largest	39	1
companies	40	2
world	41	8
work	42	6
improve	43	3
defense	44	1
teams	45	2
routinely	46	1
present	47	9
conferences	48	1
board	49	1
meetings	50	1
alike	51	1
m	52	7
joined	53	1
several	54	4
operators	55	2
u	56	6
oddvarmoe	57	1
int	58	1
bebo_	59	1
no	60	5
question	61	8
off	62	1
table	63	1
but	64	11
if	65	5
you	66	3
ask	67	2
a	68	93
troll	69	2
are	70	34
liable	71	1
get	72	6
answer	73	3
or	74	23
xd	75	1
www	76	10
com	77	13
http	78	1
edit	79	5
for	80	55
newcomers	81	1
wanting	82	2
more	83	10
into	84	8
offsec	85	1
https	86	11
reddit	87	8
r	88	8
cybersecurity	89	21
comments	90	8
p	91	8
jah	92	8
comment	93	8
nqjqpnc	94	2
utm	95	20
_source	96	4
share	97	12
_medium	98	4
web	99	16
x	100	8
_name	101	4
xcss	102	8
_term	103	4
_content	104	4
_button	105	4
utm_source	106	4
utm_medium	107	4
utm_name	108	4
utm_term	109	4
utm_content	110	4
share_button	111	4
also	112	12
blog	113	2
career	114	6
it	115	21
where	116	7
do	117	6
start	118	4
those	119	5
physical	120	20
nqjlmnb	121	2
favorite	122	1
so	123	8
far	124	2
nqk	125	2
d	126	3
c	127	2
on	128	51
imposter	129	1
syndrome	130	1
nqkq	131	2
this	132	45
weekly	133	1
thread	134	1
education	135	1
questions	136	5
advice	137	4
there	138	8
stupid	139	1
what	140	10
want	141	2
know	142	1
about	143	5
certs	144	1
degrees	145	1
job	146	4
requirements	147	7
any	148	3
other	149	6
general	150	2
away	151	1
interested	152	2
people	153	7
asking	154	2
think	155	3
your	156	2
has	157	8
been	158	3
asked	159	1
before	160	5
look	161	1
through	162	3
prior	163	1
weeks	164	1
content	165	1
though	166	1
re	167	1
working	168	6
making	169	1
easily	170	1
searchable	171	1
future	172	3
curious	173	1
how	174	8
from	175	15
practical	176	3
angle	177	1
don	178	1
t	179	5
mean	180	2
blockchain	181	1
audit	182	1
logs	183	2
heavy	184	1
enterprise	185	1
systems	186	27
something	187	1
normal	188	2
humans	189	1
could	190	3
actually	191	3
use	192	1
lol	193	1
clients	194	1
lawyers	195	1
freelancers	196	1
small	197	2
anyone	198	1
who	199	1
just	200	3
wants	201	1
simple	202	1
way	203	4
show	204	1
here	205	3
s	206	14
file	207	4
proof	208	1
wasn	209	1
altered	210	1
straightforward	211	1
privacy	212	8
respecting	213	1
method	214	5
that	215	43
doesn	216	3
require	217	2
big	218	1
infrastructure	219	5
setup	220	2
basically	221	1
everyone	222	1
needs	223	1
learn	224	4
integrity	225	1
verification	226	1
whether	227	2
they	228	8
like	229	3
not	230	8
looking	231	3
product	232	1
recommendations	233	2
concepts	234	3
approaches	235	7
professionals	236	2
trust	237	1
currently	238	2
new	239	12
bit	240	1
tired	241	1
constantly	242	1
learning	243	7
environment	244	2
politic	245	1
challenges	246	13
considering	247	2
applying	248	2
role	249	1
easier	250	1
me	251	3
many	252	2
things	253	3
pay	254	1
good	255	1
reduce	256	1
previous	257	1
one	258	6
as	259	19
will	260	10
time	261	6
however	262	7
wondering	263	1
okay	264	1
choose	265	1
hurt	266	1
later	267	2
can	268	17
technologies	269	6
own	270	2
instead	271	2
does	272	1
self	273	1
without	274	3
using	275	3
help	276	3
cv	277	1
profile	278	1
love	279	1
field	280	3
thanks	281	2
graduate	282	2
may	283	3
with	284	23
b	285	2
computer	286	2
information	287	9
technology	288	6
concentration	289	1
management	290	8
years	291	8
experience	292	1
desk	293	1
supervisor	294	1
vulnerability	295	2
intern	296	1
fortune	297	1
company	298	3
started	299	3
june	300	1
was	301	4
edged	302	1
manager	303	2
thats	304	1
ill	305	1
be	306	23
able	307	5
convert	308	1
full	309	2
when	310	2
due	311	1
recent	312	4
org	313	1
changes	314	3
theres	315	1
headcount	316	1
might	317	2
position	318	2
another	319	1
hr	320	1
spot	321	1
nothing	322	1
confirmed	323	1
because	324	1
entry	325	1
level	326	3
positions	327	1
its	328	4
slow	329	1
waiting	330	2
feb	331	1
march	332	1
wave	333	2
again	334	1
hopefully	335	1
interview	336	1
only	337	1
had	338	2
second	339	2
round	340	1
yall	341	1
prepare	342	1
next	343	2
cycle	344	2
im	345	2
alrdy	346	1
preparing	347	1
sec	348	2
network	349	16
splunk	350	1
cert	351	1
aswell	352	1
soc	353	3
analyst	354	1
vuln	355	1
roles	356	1
positivity	357	1
feedback	358	1
gonna	359	1
reach	360	1
out	361	4
ir	362	1
see	363	1
shadow	364	1
anything	365	1
them	366	6
maybe	367	1
net	368	1
doing	369	1
type	370	1
project	371	1
labs	372	1
taps	373	1
thoughts	374	1
helping	375	1
friend	376	1
her	377	1
multi	378	8
stream	379	2
she	380	3
wanted	381	1
youtube	382	2
facebook	383	1
kick	384	1
found	385	3
plugin	386	1
now	387	2
went	388	1
github	389	4
link	390	2
downloaded	391	1
malwarebyte	392	1
instantly	393	1
blocked	394	1
gave	395	1
notification	396	1
trojan	397	1
dropper	398	1
got	399	1
spoked	400	1
spent	401	2
lot	402	1
money	403	1
pc	404	2
risk	405	2
getting	406	1
infected	407	1
exe	408	1
october	409	1
version	410	1
sorayuki	411	1
obs	412	1
rtmp	413	1
releases	414	1
over	415	2
last	416	1
industrial	417	2
control	418	4
ics	419	11
become	420	3
increasingly	421	1
exposed	422	1
wide	423	2
range	424	13
cyber	425	81
threats	426	9
efficient	427	3
models	428	6
techniques	429	8
capture	430	1
their	431	9
complex	432	2
structure	433	2
identify	434	6
critical	435	7
components	436	8
therefore	437	5
essential	438	3
graphs	439	4
proven	440	2
very	441	2
useful	442	2
context	443	4
semantically	444	1
grasp	445	1
intricate	446	1
logical	447	3
interdependencies	448	1
among	449	3
identifying	450	3
nodes	451	6
np	452	1
complete	453	1
problem	454	4
addition	455	3
settings	456	1
normally	457	1
involve	458	1
various	459	7
measures	460	2
simultaneously	461	2
protect	462	2
multiple	463	3
overlapping	464	1
manners	465	1
which	466	13
makes	467	2
even	468	1
harder	469	1
paper	470	16
extended	471	1
metric	472	6
hypergraphs	473	1
efficiently	474	5
identifies	475	1
set	476	1
should	477	3
compromised	478	4
minimum	479	1
cost	480	3
effort	481	1
attacker	482	3
order	483	2
disrupt	484	1
operation	485	3
vital	486	2
assets	487	1
our	488	19
approach	489	4
relies	490	1
max	491	2
sat	492	2
incorporated	493	1
meta	494	2
java	495	1
analyser	496	1
provide	497	4
thorough	498	1
performance	499	5
evaluation	500	2
shows	501	1
feasibility	502	1
finally	503	3
illustrate	504	2
methodology	505	2
case	506	4
study	507	7
analyse	508	2
posture	509	3
realistic	510	5
water	511	3
transport	512	2
wtn	513	1
ranges	514	2
mimic	515	1
real	516	5
environments	517	7
high	518	7
demand	519	1
building	520	1
organizations	521	1
need	522	3
deeply	523	1
understand	524	4
construction	525	1
supplies	526	1
available	527	2
fundamental	528	3
supply	529	1
architecture	530	2
prompts	531	1
important	532	6
research	533	22
most	534	3
appropriate	535	1
organization	536	2
propose	537	2
innovative	538	1
framework	539	2
specify	540	1
characterize	541	1
architectures	542	3
analysis	543	10
match	544	1
intersection	545	2
digital	546	7
engineering	547	4
domains	548	5
rendering	549	1
value	550	1
targets	551	1
sophisticated	552	1
well	553	4
funded	554	1
threat	555	8
actors	556	1
prominent	557	2
attacks	558	8
cps	559	9
brought	560	1
attention	561	4
these	562	22
inherent	563	1
weaknesses	564	2
reliant	565	1
modelling	566	8
mechanism	567	1
systematically	568	1
assess	569	3
vulnerabilities	570	5
risks	571	3
throughout	572	2
system	573	9
life	574	2
cycles	575	1
ultimately	576	1
ensure	577	1
resilience	578	5
safety	579	1
reliability	580	1
survey	581	1
delves	582	1
state	583	7
art	584	5
encompassing	585	1
both	586	1
attack	587	6
while	588	3
terms	589	1
sometimes	590	2
used	591	7
interchangeably	592	1
different	593	8
elaborates	594	1
differences	595	1
between	596	3
examining	597	1
implications	598	2
conducted	599	3
systematic	600	2
search	601	1
yielded	602	1
papers	603	2
were	604	4
selected	605	2
categorised	606	1
three	607	5
clusters	608	1
focused	609	2
methods	610	5
literature	611	2
reviews	612	2
specifically	613	2
sought	614	1
examine	615	1
exist	616	2
today	617	1
address	618	3
specific	619	5
capabilities	620	3
typically	621	1
span	622	1
longer	623	1
durations	624	1
compared	625	3
traditional	626	4
highlights	627	1
limitations	628	2
existing	629	4
wherein	630	1
adopt	631	1
simplistic	632	1
adequately	633	1
consider	634	2
dynamic	635	1
layer	636	1
path	637	1
agent	638	8
characteristics	639	1
quantum	640	10
computing	641	10
cutting	642	1
edge	643	2
harnesses	644	1
principles	645	1
mechanics	646	1
perform	647	1
computations	648	1
major	649	1
industry	650	3
protection	651	4
applications	652	8
still	653	2
networks	654	7
data	655	6
complications	656	1
lead	657	4
kind	658	2
potential	659	3
reveal	660	1
much	661	1
power	662	2
extent	663	1
outperform	664	1
conventional	665	1
scoping	666	3
review	667	4
showed	668	1
possibilities	669	1
achievedif	670	1
implemented	671	3
discusses	672	4
such	673	9
algorithms	674	4
bioinformatics	675	1
cloud	676	1
application	677	2
areas	678	3
broader	679	1
ecosystem	680	1
each	681	5
significant	682	1
scope	683	1
revolutionize	684	1
numerous	685	1
number	686	1
identified	687	5
results	688	5
limited	689	3
include	690	1
societal	691	1
aspects	692	1
e	693	3
g	694	1
social	695	2
sciences	696	1
enhance	697	1
efficiency	698	1
additionally	699	2
encourages	700	1
reader	701	1
deployed	702	1
secure	703	2
fields	704	1
encompassed	705	1
science	706	3
broad	707	1
poorly	708	1
defined	709	1
national	710	3
governments	711	1
communities	712	2
increase	713	3
recognition	714	1
importance	715	1
urgency	716	1
technical	717	1
richness	718	1
disciplines	719	1
priorities	720	1
arises	721	1
sub	722	1
foci	723	1
funding	724	1
point	725	2
answering	726	1
explore	727	3
workshop	728	1
postulated	729	1
possible	730	3
game	731	4
changers	732	4
disruptive	733	1
occur	734	2
within	735	3
suggest	736	1
focusing	737	1
priority	738	1
topics	739	5
indeed	740	1
drastic	741	1
change	742	4
likely	743	1
focus	744	5
efforts	745	3
nature	746	2
ramifications	747	1
phenomena	748	2
pertaining	749	1
examples	750	4
related	751	4
current	752	4
then	753	2
offer	754	2
advancement	755	2
respect	756	1
six	757	2
types	758	2
communication	759	2
mobility	760	1
features	761	2
internet	762	1
iot	763	6
hand	764	2
enable	765	1
fruitful	766	1
attractive	767	1
facilitates	768	1
malware	769	8
propagation	770	5
thereby	771	1
raising	772	1
handling	773	2
empowered	774	1
comparing	775	1
scheme	776	3
wireless	777	1
directly	778	1
repaired	779	1
secured	780	1
devices	781	5
difficult	782	2
patched	783	1
alternatively	784	1
blocking	785	1
via	786	1
patching	787	5
intermediate	788	3
turns	789	1
feasible	790	1
solution	791	2
effectively	792	2
prevent	793	1
proliferation	794	1
securing	795	1
links	796	1
limiting	797	1
local	798	1
device	799	2
dissemination	800	1
article	801	2
proposes	802	1
novel	803	2
traffic	804	2
aware	805	2
select	806	1
patch	807	1
applies	808	1
resources	809	1
response	810	1
constraint	811	1
experiments	812	4
trace	813	1
datasets	814	1
demonstrate	815	1
advantage	816	1
proposed	817	2
alleviating	818	1
describe	819	2
design	820	10
assembly	821	1
testbed	822	5
oak	823	2
ridge	824	2
laboratory	825	3
tn	826	1
usa	827	1
designed	828	2
agile	829	1
reconfigurations	830	1
facilitate	831	2
variety	832	1
evaluations	833	3
tools	834	7
particularly	835	4
involving	836	3
ai	837	3
ml	838	4
particular	839	3
provides	840	2
test	841	2
permitting	842	1
programmatic	843	1
observations	844	1
collection	845	1
during	846	2
ability	847	1
repeat	848	2
additional	849	1
evaluated	850	1
scaled	851	1
up	852	2
down	853	1
experiment	854	1
sizes	855	1
conference	856	1
completed	857	1
two	858	4
scale	859	8
government	860	2
evaluating	861	2
operating	862	1
costs	863	2
large	864	4
sized	865	1
described	866	1
providing	867	4
motivation	868	1
decisions	869	1
adaptations	870	1
made	871	1
first	872	2
challenge	873	7
measured	874	1
against	875	2
k	876	1
samples	877	1
benignware	878	1
chosen	879	1
across	880	5
intrusion	881	1
detection	882	3
efficacy	883	1
step	884	1
adversarial	885	1
campaigns	886	4
reconnaissance	887	1
penetration	888	1
exploitations	889	1
lateral	890	1
movement	891	1
etc	892	1
varying	893	1
levels	894	1
covertness	895	1
volume	896	1
business	897	3
requires	898	3
automation	899	1
mirror	900	1
identical	901	1
tool	902	3
under	903	2
array	904	1
easy	905	1
malicious	906	1
activity	907	1
sussing	908	1
true	909	1
abilities	910	1
interesting	911	2
challenging	912	3
aspect	913	1
designing	914	1
executing	915	1
events	916	1
digitalisation	917	1
entire	918	1
manufacturing	919	2
floor	920	1
processes	921	1
tightly	922	1
intertwined	923	1
counterparts	924	1
led	925	1
emergence	926	1
concept	927	2
twin	928	6
virtual	929	4
copy	930	1
object	931	1
key	932	2
production	933	1
cpps	934	1
market	935	1
expected	936	1
grow	937	1
significantly	938	1
coming	939	1
nevertheless	940	1
relatively	941	1
perspectives	942	5
better	943	1
effect	944	1
mitigate	945	1
complexity	946	2
capturing	947	1
dynamics	948	2
predictability	949	1
development	950	3
strong	951	1
semantic	952	1
foundation	953	1
accurately	954	1
model	955	4
simulate	956	1
synthesise	957	1
developments	958	1
appealing	959	1
target	960	2
having	961	1
massive	962	1
destructive	963	1
consequences	964	1
metrics	965	1
represent	966	1
dependencies	967	2
sets	968	1
minimal	969	1
would	970	1
enter	971	1
non	972	8
operational	973	1
transforming	974	1
input	975	1
graph	976	1
weighted	977	2
formula	978	1
build	979	1
solve	980	1
partial	981	1
leverages	982	2
satisfiability	983	1
optimisation	984	1
achieve	985	2
computation	986	1
times	987	1
experimental	988	1
indicate	989	1
thousands	990	1
computed	991	1
seconds	992	1
discuss	993	3
findings	994	2
plant	995	2
further	996	4
pressing	997	1
interconnect	998	1
grid	999	1
vehicles	1000	1
safe	1001	1
owing	1002	1
diverse	1003	4
hardly	1004	1
size	1005	1
fits	1006	1
networking	1007	1
developing	1008	2
slicing	1009	5
promising	1010	1
allows	1011	1
create	1012	2
top	1013	1
shared	1014	1
tailored	1015	1
meet	1016	1
solutions	1017	3
slices	1018	1
issues	1019	3
assisted	1020	1
analyze	1021	1
denial	1022	1
service	1023	1
implementation	1024	2
escalating	1025	1
frequency	1026	1
sophistication	1027	1
increased	1028	2
comprehensive	1029	2
understanding	1030	2
explores	1031	1
geopolitical	1032	2
intelligence	1033	2
energy	1034	2
domain	1035	2
leverage	1036	1
generative	1037	1
artificial	1038	1
extract	1039	2
raw	1040	1
descriptions	1041	1
enabling	1042	1
enhanced	1043	1
conducting	1044	2
comparison	1045	1
actor	1046	1
origins	1047	1
regions	1048	1
databases	1049	1
insights	1050	2
trends	1051	1
landscape	1052	1
evaluate	1053	1
effectiveness	1054	2
emphasis	1055	1
detecting	1056	1
indicators	1057	1
compromise	1058	1
yields	1059	1
actionable	1060	1
researchers	1061	2
policy	1062	3
makers	1063	1
overview	1064	1
programs	1065	2
performed	1066	1
army	1067	4
although	1068	1
arl	1069	4
corporate	1070	1
focuses	1071	2
early	1072	1
applied	1073	3
endeavors	1074	1
closely	1075	1
integrated	1076	1
extensive	1077	1
operationally	1078	1
oriented	1079	1
example	1080	2
collaborative	1081	1
alliance	1082	1
cra	1083	1
brings	1084	1
together	1085	1
scientists	1086	2
academic	1087	1
dozens	1088	1
universities	1089	1
largely	1090	1
driven	1091	2
unique	1092	1
ground	1093	1
outlines	1094	1
few	1095	1
ways	1096	2
addressed	1097	1
long	1098	2
term	1099	1
campaign	1100	3
guided	1101	1
vision	1102	1
battlefield	1103	1
year	1104	1
highly	1105	1
converged	1106	1
space	1107	1
integral	1108	1
part	1109	2
battle	1110	1
faced	1111	1
cpss	1112	3
motivated	1113	2
mechanisms	1114	1
monitor	1115	1
violations	1116	1
invariants	1117	4
properties	1118	2
always	1119	1
hold	1120	1
given	1121	2
deriving	1122	2
automatically	1123	1
miss	1124	1
behaviours	1125	3
represented	1126	1
furthermore	1127	1
resolving	1128	2
flaws	1129	1
process	1130	2
costly	1131	1
already	1132	1
built	1133	2
analysing	1134	1
functional	1135	1
inspired	1136	1
axiomatic	1137	1
iteratively	1138	1
analyses	1139	1
construct	1140	1
equations	1141	1
invariant	1142	1
relationships	1143	1
preliminary	1144	1
treatment	1145	1
implementing	1146	1
checkers	1147	1
decision	1148	1
trees	1149	1
finding	1150	1
detect	1151	1
accuracy	1152	1
false	1153	1
positives	1154	1
robust	1155	1
reduced	1156	1
maritime	1157	1
shipping	1158	5
trillion	1159	1
dollar	1160	1
impacts	1161	1
economy	1162	1
virtually	1163	1
every	1164	1
country	1165	1
around	1166	1
surprise	1167	1
countries	1168	1
billions	1169	1
dollars	1170	1
modernize	1171	1
vessels	1172	1
ports	1173	1
caught	1174	1
cybercriminals	1175	1
cyberattack	1176	1
resulted	1177	1
nearly	1178	1
millions	1179	1
financial	1180	2
losses	1181	1
hence	1182	1
describes	1183	1
international	1184	1
contribution	1185	1
identification	1186	1
dissection	1187	1
along	1188	1
why	1189	1
incident	1190	2
classical	1191	1
topic	1192	3
recently	1193	1
european	1194	2
union	1195	1
eu	1196	4
relation	1197	2
incidents	1198	5
crises	1199	3
considerations	1200	1
preparations	1201	1
including	1202	5
specified	1203	1
laws	1204	4
constitute	1205	1
according	1206	1
associated	1207	1
documents	1208	1
equated	1209	1
either	1210	1
exceed	1211	1
capacity	1212	1
single	1213	2
member	1214	2
affect	1215	1
least	1216	1
states	1217	1
purposes	1218	1
ii	1219	1
substantially	1220	1
mandatory	1221	1
reporting	1222	1
despite	1223	1
governance	1224	1
bodies	1225	1
established	1226	1
iii	1227	1
actual	1228	2
crisis	1229	1
remains	1230	1
unclear	1231	1
advances	1232	1
elaborating	1233	1
law	1234	1
perceives	1235	1
paving	1236	1
relevant	1237	1
relevance	1238	1
theoretical	1239	1
conceptual	1240	1
empirical	1241	2
autonomous	1242	3
defence	1243	2
required	1244	2
respond	1245	2
tempo	1246	1
utility	1247	1
presented	1248	1
autonomy	1249	1
gym	1250	1
experimentation	1251	1
cage	1252	3
defensive	1253	3
blue	1254	2
defend	1255	1
attacking	1256	1
detailed	1257	1
description	1258	1
taken	1259	1
participants	1260	1
submitted	1261	1
agents	1262	3
four	1263	1
classes	1264	2
namely	1265	1
deep	1266	1
reinforcement	1267	1
drl	1268	5
hierarchical	1269	2
ensembles	1270	1
capable	1271	1
effective	1272	2
strategy	1273	3
policies	1274	1
same	1275	2
class	1276	1
produced	1277	1
strategies	1278	1
varied	1279	1
depending	1280	1
conclude	1281	1
suitable	1282	1
candidate	1283	1
language	1284	1
llms	1285	2
achieved	1286	1
remarkable	1287	1
success	1288	2
software	1289	1
tasks	1290	1
trained	1291	1
executable	1292	1
runtime	1293	5
often	1294	2
unavailable	1295	1
especially	1296	1
configurations	1297	1
execution	1298	1
contexts	1299	1
ephemeral	1300	1
restricted	1301	1
zero	1302	4
free	1303	2
synthesizing	1304	1
quality	1305	1
trajectories	1306	2
train	1307	2
publicly	1308	1
ctf	1309	4
writeups	1310	1
employs	1311	1
persona	1312	1
llm	1313	2
simulation	1314	1
reverse	1315	1
engineer	1316	1
behaviors	1317	1
generate	1318	1
horizon	1319	1
interaction	1320	1
sequences	1321	1
synthesized	1322	1
absolute	1323	1
gains	1324	1
baseline	1325	1
benchmarks	1326	1
intercode	1327	1
nyu	1328	1
bench	1329	1
cybench	1330	1
best	1331	1
establishes	1332	1
open	1333	1
weight	1334	1
matching	1335	1
proprietary	1336	1
deepseek	1337	1
v	1338	1
claude	1339	1
sonnet	1340	1
offering	1341	1
superior	1342	1
demonstrating	1343	1
trajectory	1344	1
synthesis	1345	1
democratize	1346	1
users	1347	7
smart	1348	3
home	1349	3
active	1350	1
modern	1351	1
mobile	1352	1
smaller	1353	1
studies	1354	1
online	1355	1
surveys	1356	1
interviews	1357	1
endeavour	1358	1
fill	1359	1
gaps	1360	1
larger	1361	1
dataset	1362	3
tweets	1363	5
posted	1364	1
expert	1365	6
twitter	1366	2
months	1367	1
consecutive	1368	1
january	1369	2
february	1370	2
machine	1371	1
classifiers	1372	1
developed	1373	1
analysed	1374	1
yearly	1375	1
trend	1376	1
impact	1377	2
covid	1378	3
pandemic	1379	2
sentiment	1380	2
qualitative	1381	1
leading	1382	1
instance	1383	1
observed	1384	3
global	1385	1
lockdowns	1386	1
seeking	1387	1
revealed	1388	1
discussed	1389	2
vpns	1390	1
wi	1391	1
fi	1392	1
smartphones	1393	1
laptops	1394	1
stakeholders	1395	1
overall	1396	1
negative	1397	1
almost	1398	1
confirm	1399	1
faceted	1400	1
call	1401	1
holistic	1402	1
nuanced	1403	1
facets	1404	1
rapid	1405	1
evolution	1406	1
needed	1407	1
interdependent	1408	1
cognitive	1409	1
hardening	1410	1
impossible	1411	1
biological	1412	1
develop	1413	1
immunity	1414	1
infections	1415	1
too	1416	1
must	1417	3
adapt	1418	1
ever	1419	1
changing	1420	2
continue	1421	1
functions	1422	1
bounce	1423	1
back	1424	1
effects	1425	1
explain	1426	1
basic	1427	1
make	1428	1
brief	1429	1
summary	1430	1
improving	1431	2
awareness	1432	4
aims	1433	1
factors	1434	2
regarding	1435	1
failing	1436	1
appropriately	1437	1
behaviour	1438	4
past	1439	1
practices	1440	1
promote	1441	1
sustainable	1442	1
society	1443	1
desired	1444	1
critically	1445	1
reflect	1446	2
involved	1447	1
citizens	1448	1
consumers	1449	1
employees	1450	1
considers	1451	1
psychology	1452	1
perspective	1453	1
believe	1454	1
perceive	1455	1
creating	1456	1
than	1457	1
reactive	1458	1
firstly	1459	1
apply	1460	1
secondly	1461	1
willing	1462	1
latter	1463	1
attitudes	1464	1
intentions	1465	1
antecedents	1466	1
psychological	1467	1
suitability	1468	1
persuasion	1469	1
widely	1470	1
fear	1471	1
appeals	1472	1
failure	1473	1
cultures	1474	1
uk	1475	1
africa	1476	1
