word	tf	df
the	187	26
and	161	25
of	148	25
to	126	26
a	93	25
in	86	25
cyber	81	20
for	55	22
security	54	14
we	53	17
on	51	23
this	45	22
is	44	21
that	43	18
are	34	19
systems	27	12
by	27	14
i	24	8
with	23	15
be	23	12
or	23	14
an	23	13
these	22	12
research	22	8
have	21	13
it	21	12
cybersecurity	21	9
physical	20	9
utm	20	1
as	19	13
our	19	10
can	17	11
at	16	8
network	16	7
web	16	1
paper	16	12
from	15	12
s	14	8
which	13	7
com	13	2
challenges	13	9
range	13	5
also	12	10
share	12	1
new	12	7
based	12	8
but	11	8
ics	11	2
https	11	2
computing	10	1
analysis	10	6
what	10	6
will	10	6
quantum	10	1
www	10	1
more	10	9
design	10	4
present	9	7
system	9	6
cps	9	2
information	9	6
such	9	7
threats	9	6
their	9	9
components	8	4
so	8	7
applications	8	4
there	8	5
malware	8	2
years	8	6
xcss	8	1
different	8	7
has	8	6
comment	8	1
non	8	3
agent	8	3
threat	8	2
modelling	8	2
r	8	1
how	8	7
jah	8	1
techniques	8	5
p	8	1
reddit	8	1
they	8	6
scale	8	5
comments	8	1
privacy	8	3
world	8	7
attacks	8	6
management	8	4
question	8	4
multi	8	4
not	8	7
into	8	5
x	8	1
my	8	3
approaches	7	5
m	7	4
digital	7	2
tools	7	3
learning	7	5
various	7	6
people	7	5
users	7	1
state	7	5
critical	7	5
where	7	6
however	7	7
environments	7	5
networks	7	5
challenge	7	3
used	7	5
study	7	7
requirements	7	5
high	7	7
models	6	4
one	6	6
work	6	3
operations	6	4
metric	6	2
iot	6	2
other	6	5
attack	6	4
career	6	3
time	6	5
data	6	3
nodes	6	3
u	6	2
get	6	2
them	6	5
identify	6	6
technology	6	5
technologies	6	5
end	6	4
important	6	6
do	6	5
twin	6	1
expert	6	1
working	6	4
across	5	4
specific	5	5
those	5	5
including	5	3
results	5	5
propagation	5	1
trustedsec	5	1
incidents	5	1
topics	5	3
focus	5	5
about	5	5
identified	5	5
efficiently	5	3
real	5	4
shipping	5	1
realistic	5	5
tweets	5	1
if	5	5
no	5	4
edit	5	2
method	5	3
performance	5	4
drl	5	1
perspectives	5	2
three	5	3
slicing	5	1
domains	5	4
devices	5	2
therefore	5	5
patching	5	1
infrastructure	5	5
able	5	4
before	5	4
questions	5	2
vulnerabilities	5	3
resilience	5	2
all	5	4
testbed	5	3
team	5	2
art	5	4
t	5	3
each	5	3
runtime	5	1
methods	5	2
start	4	3
out	4	4
utm_name	4	1
algorithms	4	2
traditional	4	4
laws	4	1
related	4	3
discusses	4	2
virtual	4	3
control	4	4
graphs	4	3
way	4	3
awareness	4	1
were	4	3
problem	4	2
utm_source	4	1
_term	4	1
file	4	3
behaviour	4	1
_medium	4	1
approach	4	4
engineering	4	3
ml	4	1
utm_medium	4	1
eu	4	1
particularly	4	3
protection	4	1
_name	4	1
examples	4	4
_button	4	1
its	4	3
providing	4	3
job	4	2
model	4	4
further	4	4
large	4	3
review	4	2
invariants	4	1
well	4	4
provide	4	4
utm_content	4	1
recent	4	4
was	4	4
game	4	1
understand	4	4
context	4	4
change	4	2
_content	4	1
compromised	4	4
arl	4	1
learn	4	3
campaigns	4	2
changers	4	1
two	4	4
case	4	4
share_button	4	1
utm_term	4	1
ctf	4	1
diverse	4	3
red	4	2
current	4	4
advice	4	4
army	4	1
existing	4	4
experiments	4	2
lead	4	3
attention	4	3
zero	4	1
several	4	4
github	4	2
_source	4	1
risks	3	2
explore	3	3
efforts	3	3
issues	3	3
conducted	3	3
strategy	3	1
observed	3	1
particular	3	3
ai	3	1
development	3	3
scoping	3	1
limited	3	3
national	3	2
could	3	2
looking	3	3
me	3	2
compared	3	3
things	3	3
concepts	3	3
policy	3	2
possible	3	3
within	3	3
challenging	3	3
here	3	2
attacker	3	3
think	3	3
using	3	3
offensive	3	2
must	3	2
multiple	3	3
like	3	3
implemented	3	2
potential	3	3
areas	3	2
may	3	3
solutions	3	1
doesn	3	3
business	3	3
agents	3	2
campaign	3	2
through	3	3
changes	3	3
capabilities	3	3
actually	3	2
been	3	3
found	3	2
address	3	3
essential	3	3
practical	3	3
e	3	3
addition	3	3
scheme	3	1
cage	3	1
fundamental	3	2
involving	3	2
behaviours	3	2
detection	3	3
evaluations	3	1
laboratory	3	2
applied	3	3
company	3	2
targeted	3	2
dataset	3	1
intermediate	3	1
identifying	3	3
autonomous	3	1
discuss	3	3
field	3	3
while	3	3
future	3	3
need	3	3
she	3	1
just	3	3
answer	3	2
cost	3	3
finally	3	3
logical	3	2
level	3	3
defensive	3	1
among	3	3
covid	3	1
some	3	3
tool	3	3
architectures	3	1
assess	3	3
increase	3	3
crises	3	1
become	3	3
smart	3	1
topic	3	2
science	3	2
help	3	3
any	3	3
started	3	2
without	3	3
improve	3	3
you	3	2
water	3	3
should	3	2
between	3	3
requires	3	2
posture	3	2
home	3	1
cpss	3	1
efficient	3	3
operation	3	3
d	3	2
most	3	3
industry	3	2
soc	3	1
twitter	2	1
troll	2	1
six	2	2
impact	2	2
trajectories	2	1
secure	2	2
advanced	2	2
process	2	1
systematic	2	2
throughout	2	1
required	2	1
complex	2	2
communities	2	1
llm	2	1
researchers	2	2
logs	2	2
edge	2	1
improving	2	2
classes	2	1
test	2	1
general	2	2
run	2	1
geopolitical	2	1
blue	2	1
specifically	2	2
implications	2	2
incident	2	1
novel	2	2
your	2	2
normal	2	2
nqkq	2	1
insights	2	1
effective	2	2
built	2	1
types	2	2
waiting	2	1
dependencies	2	2
recommendations	2	2
organization	2	2
simultaneously	2	2
phenomena	2	2
free	2	1
create	2	1
vulnerability	2	2
resolving	2	2
nqjqpnc	2	1
often	2	2
limitations	2	2
position	2	2
actual	2	2
dynamics	2	2
asking	2	2
require	2	2
factors	2	1
professionals	2	2
financial	2	2
applying	2	2
ask	2	2
own	2	2
device	2	1
focuses	2	2
max	2	2
when	2	2
want	2	2
weaknesses	2	2
architecture	2	1
additionally	2	2
single	2	2
environment	2	2
hierarchical	2	1
shop	2	2
vital	2	2
measures	2	1
difficult	2	2
then	2	2
february	2	1
available	2	2
communication	2	2
evaluation	2	2
instead	2	2
long	2	2
ways	2	2
extract	2	2
discussed	2	1
during	2	2
papers	2	2
kind	2	1
power	2	2
train	2	1
aware	2	1
blog	2	1
area	2	2
developing	2	2
implementation	2	2
key	2	2
nature	2	2
application	2	2
increased	2	2
focused	2	2
operators	2	2
part	2	2
european	2	1
whether	2	2
had	2	2
still	2	2
pc	2	1
second	2	2
sec	2	1
might	2	2
facilitate	2	2
makes	2	2
meta	2	2
wave	2	1
energy	2	1
risk	2	2
ridge	2	1
sentiment	2	1
structure	2	2
manager	2	1
changing	2	2
provides	2	2
weighted	2	1
pandemic	2	1
describe	2	2
protect	2	2
useful	2	2
against	2	2
cycle	2	2
interested	2	2
small	2	2
plant	2	2
designed	2	1
full	2	2
success	2	2
ranges	2	1
illustrate	2	2
over	2	2
methodology	2	2
properties	2	2
proposed	2	2
target	2	2
very	2	2
manufacturing	2	1
leverages	2	2
propose	2	2
c	2	1
exist	2	2
conducting	2	2
reviews	2	2
concept	2	1
member	2	1
mean	2	1
interesting	2	2
up	2	2
hand	2	1
llms	2	1
selected	2	2
understanding	2	2
graduate	2	1
im	2	1
comprehensive	2	2
driven	2	2
consider	2	2
oak	2	1
nqjlmnb	2	1
deriving	2	1
social	2	2
link	2	1
setup	2	2
relation	2	1
occur	2	1
sometimes	2	2
thanks	2	2
costs	2	2
youtube	2	1
later	2	2
effectively	2	2
traffic	2	1
point	2	2
defence	2	1
article	2	2
evaluating	2	2
literature	2	2
considering	2	2
currently	2	2
reflect	2	1
computer	2	2
same	2	2
offer	2	2
under	2	2
prominent	2	2
findings	2	2
handling	2	2
teams	2	2
motivated	2	2
features	2	2
stream	2	1
spent	2	2
scientists	2	1
many	2	2
given	2	2
advancement	2	2
companies	2	2
empirical	2	2
intersection	2	2
government	2	1
next	2	2
analyse	2	2
b	2	2
repeat	2	1
respond	2	2
intelligence	2	1
effectiveness	2	2
far	2	2
programs	2	1
first	2	2
proven	2	2
wide	2	2
industrial	2	2
complexity	2	2
now	2	2
january	2	1
solution	2	2
order	2	2
domain	2	2
wanting	2	1
example	2	2
sat	2	2
transport	2	2
life	2	1
framework	2	2
nqk	2	1
achieve	2	2
capture	1	1
events	1	1
don	1	1
select	1	1
taps	1	1
observations	1	1
clusters	1	1
set	1	1
persona	1	1
motivation	1	1
experiment	1	1
active	1	1
away	1	1
violations	1	1
cognitive	1	1
conceptual	1	1
downloaded	1	1
collection	1	1
synthesizing	1	1
making	1	1
funding	1	1
false	1	1
joined	1	1
suggest	1	1
millions	1	1
releases	1	1
exceed	1	1
trained	1	1
analyze	1	1
table	1	1
corporate	1	1
bebo_	1	1
lateral	1	1
money	1	1
interdependent	1	1
ramifications	1	1
thousands	1	1
appropriate	1	1
identification	1	1
satisfiability	1	1
normally	1	1
trillion	1	1
recognition	1	1
promote	1	1
societal	1	1
treatment	1	1
down	1	1
activity	1	1
brief	1	1
suitability	1	1
meet	1	1
roles	1	1
sought	1	1
directly	1	1
verification	1	1
consecutive	1	1
infections	1	1
big	1	1
look	1	1
resources	1	1
dissection	1	1
benchmarks	1	1
global	1	1
sciences	1	1
destructive	1	1
enabling	1	1
alternatively	1	1
artificial	1	1
sets	1	1
alike	1	1
latter	1	1
governance	1	1
span	1	1
only	1	1
performed	1	1
shows	1	1
operationally	1	1
clients	1	1
poorly	1	1
ever	1	1
largest	1	1
complications	1	1
bench	1	1
term	1	1
role	1	1
evaluate	1	1
varying	1	1
negative	1	1
enhanced	1	1
hr	1	1
computations	1	1
trace	1	1
type	1	1
semantic	1	1
extent	1	1
nuanced	1	1
checkers	1	1
basic	1	1
variety	1	1
facets	1	1
iii	1	1
kennedy	1	1
choose	1	1
disciplines	1	1
descriptions	1	1
resulted	1	1
paving	1	1
hopefully	1	1
established	1	1
owing	1	1
profile	1	1
characteristics	1	1
society	1	1
reduce	1	1
evolution	1	1
submitted	1	1
posted	1	1
sorayuki	1	1
examine	1	1
chosen	1	1
does	1	1
step	1	1
times	1	1
interdependencies	1	1
behaviors	1	1
tailored	1	1
enable	1	1
organizations	1	1
reliant	1	1
stupid	1	1
offsec	1	1
impacts	1	1
manners	1	1
importance	1	1
include	1	1
fields	1	1
xd	1	1
possibilities	1	1
reader	1	1
highlights	1	1
contexts	1	1
reveal	1	1
grasp	1	1
international	1	1
denial	1	1
hardly	1	1
spot	1	1
angle	1	1
her	1	1
alrdy	1	1
everyone	1	1
spoked	1	1
develop	1	1
vision	1	1
expected	1	1
david	1	1
accuracy	1	1
minimum	1	1
settings	1	1
facilitates	1	1
namely	1	1
actors	1	1
number	1	1
weight	1	1
trust	1	1
humans	1	1
confirm	1	1
utility	1	1
engagements	1	1
thread	1	1
enter	1	1
innovative	1	1
complete	1	1
seeking	1	1
why	1	1
reconnaissance	1	1
major	1	1
space	1	1
dynamic	1	1
fortune	1	1
value	1	1
emergence	1	1
thereby	1	1
permitting	1	1
gains	1	1
vessels	1	1
involve	1	1
longer	1	1
best	1	1
getting	1	1
developments	1	1
nevertheless	1	1
something	1	1
establishes	1	1
sophistication	1	1
thats	1	1
wants	1	1
tn	1	1
capturing	1	1
especially	1	1
networking	1	1
candidate	1	1
brings	1	1
virtually	1	1
grow	1	1
automatically	1	1
miss	1	1
ground	1	1
caught	1	1
ultimately	1	1
autonomy	1	1
audit	1	1
relevance	1	1
apply	1	1
psychological	1	1
feasible	1	1
matching	1	1
gaps	1	1
levels	1	1
repaired	1	1
seconds	1	1
facebook	1	1
cycles	1	1
minimal	1	1
certs	1	1
regarding	1	1
call	1	1
anything	1	1
represent	1	1
weeks	1	1
exe	1	1
highly	1	1
who	1	1
theoretical	1	1
holistic	1	1
horizon	1	1
enterprise	1	1
foundation	1	1
cybercriminals	1	1
strong	1	1
ill	1	1
achieved	1	1
secondly	1	1
version	1	1
pay	1	1
led	1	1
safe	1	1
participants	1	1
past	1	1
cultures	1	1
employees	1	1
simplistic	1	1
prompts	1	1
democratize	1	1
edged	1	1
adversarial	1	1
modern	1	1
convert	1	1
synthesise	1	1
reduced	1	1
nyu	1	1
analyses	1	1
biological	1	1
despite	1	1
identifies	1	1
product	1	1
june	1	1
java	1	1
disruptive	1	1
remains	1	1
interviews	1	1
anyone	1	1
straightforward	1	1
elaborates	1	1
via	1	1
simple	1	1
headcount	1	1
collaborative	1	1
execution	1	1
additional	1	1
copy	1	1
concentration	1	1
computed	1	1
better	1	1
coming	1	1
org	1	1
raising	1	1
appeals	1	1
significantly	1	1
early	1	1
strategies	1	1
ecosystem	1	1
iteratively	1	1
metrics	1	1
blockchain	1	1
degrees	1	1
attacking	1	1
even	1	1
funded	1	1
reinforcement	1	1
trojan	1	1
offering	1	1
service	1	1
adapt	1	1
search	1	1
prior	1	1
preparing	1	1
conclude	1	1
instance	1	1
regions	1	1
conference	1	1
broader	1	1
curious	1	1
alliance	1	1
failing	1	1
construct	1	1
presented	1	1
feb	1	1
along	1	1
africa	1	1
aims	1	1
reconfigurations	1	1
laptops	1	1
today	1	1
demand	1	1
blocked	1	1
mobility	1	1
wireless	1	1
cloud	1	1
proprietary	1	1
made	1	1
conferences	1	1
conventional	1	1
stakeholders	1	1
ephemeral	1	1
encompassed	1	1
claude	1	1
harder	1	1
engineer	1	1
supply	1	1
governments	1	1
fill	1	1
make	1	1
employs	1	1
k	1	1
brought	1	1
interconnect	1	1
adopt	1	1
favorite	1	1
faced	1	1
vuln	1	1
trajectory	1	1
needs	1	1
local	1	1
hurt	1	1
wondering	1	1
adequately	1	1
perceives	1	1
substantially	1	1
terms	1	1
last	1	1
processes	1	1
reliability	1	1
doing	1	1
identical	1	1
solve	1	1
round	1	1
nearly	1	1
preparations	1	1
operating	1	1
remarkable	1	1
relationships	1	1
efficiency	1	1
computation	1	1
fi	1	1
overlapping	1	1
easily	1	1
restricted	1	1
continue	1	1
defined	1	1
comparison	1	1
freelancers	1	1
fruitful	1	1
revolutionize	1	1
datasets	1	1
net	1	1
jason	1	1
overview	1	1
purposes	1	1
mirror	1	1
wanted	1	1
basically	1	1
fits	1	1
analysed	1	1
wtn	1	1
law	1	1
true	1	1
extensive	1	1
again	1	1
thoughts	1	1
interaction	1	1
went	1	1
psychology	1	1
massive	1	1
functions	1	1
semantically	1	1
mobile	1	1
volume	1	1
layer	1	1
etc	1	1
mechanisms	1	1
integrity	1	1
deep	1	1
categorised	1	1
scaled	1	1
reverse	1	1
around	1	1
v	1	1
okay	1	1
sub	1	1
described	1	1
increasingly	1	1
classical	1	1
policies	1	1
partial	1	1
instantly	1	1
perceive	1	1
invariant	1	1
project	1	1
bounce	1	1
software	1	1
dollar	1	1
postulated	1	1
furthermore	1	1
axiomatic	1	1
easier	1	1
deployed	1	1
analyst	1	1
losses	1	1
assisted	1	1
proposes	1	1
aspects	1	1
online	1	1
endeavors	1	1
patch	1	1
citizens	1	1
appealing	1	1
promising	1	1
positivity	1	1
months	1	1
explores	1	1
vpns	1	1
affect	1	1
unclear	1	1
hardening	1	1
assets	1	1
targets	1	1
confirmed	1	1
executing	1	1
recently	1	1
ensure	1	1
splunk	1	1
mandatory	1	1
modernize	1	1
scope	1	1
patched	1	1
sizes	1	1
supplies	1	1
gym	1	1
mechanics	1	1
reactive	1	1
grid	1	1
larger	1	1
configurations	1	1
survey	1	1
dozens	1	1
production	1	1
fear	1	1
creating	1	1
adaptations	1	1
union	1	1
immunity	1	1
too	1	1
routinely	1	1
elaborating	1	1
alleviating	1	1
flaws	1	1
intrusion	1	1
desired	1	1
needed	1	1
represented	1	1
name	1	1
experimentation	1	1
notification	1	1
writeups	1	1
demonstrating	1	1
manner	1	1
class	1	1
pressing	1	1
harnesses	1	1
attitudes	1	1
failure	1	1
showed	1	1
baseline	1	1
weekly	1	1
inspired	1	1
documents	1	1
surprise	1	1
imposter	1	1
numerous	1	1
mechanism	1	1
absolute	1	1
developed	1	1
movement	1	1
secured	1	1
usa	1	1
shared	1	1
march	1	1
compromise	1	1
np	1	1
practices	1	1
array	1	1
considers	1	1
theres	1	1
characterize	1	1
reach	1	1
intertwined	1	1
cybench	1	1
prepare	1	1
generative	1	1
priority	1	1
mimic	1	1
rapid	1	1
previous	1	1
lockdowns	1	1
effort	1	1
operational	1	1
assembly	1	1
consequences	1	1
benignware	1	1
content	1	1
measured	1	1
kick	1	1
simulate	1	1
altered	1	1
programmatic	1	1
entry	1	1
states	1	1
leverage	1	1
size	1	1
closely	1	1
samples	1	1
back	1	1
evaluated	1	1
desk	1	1
generate	1	1
together	1	1
qualitative	1	1
positives	1	1
publicly	1	1
agile	1	1
every	1	1
attractive	1	1
unavailable	1	1
internet	1	1
digitalisation	1	1
escalating	1	1
raw	1	1
wasn	1	1
antecedents	1	1
indicators	1	1
guided	1	1
thorough	1	1
trends	1	1
reporting	1	1
syndrome	1	1
intentions	1	1
relies	1	1
constitute	1	1
crisis	1	1
formula	1	1
aspect	1	1
hold	1	1
infected	1	1
rendering	1	1
academic	1	1
persuasion	1	1
enhance	1	1
accurately	1	1
exploitations	1	1
oh	1	1
dissemination	1	1
capable	1	1
largely	1	1
demonstrate	1	1
almost	1	1
slow	1	1
functional	1	1
cv	1	1
cpps	1	1
ensembles	1	1
arises	1	1
tired	1	1
few	1	1
completed	1	1
drastic	1	1
indicate	1	1
simulation	1	1
exposed	1	1
http	1	1
addressed	1	1
battle	1	1
object	1	1
floor	1	1
significant	1	1
graph	1	1
encompassing	1	1
oddvarmoe	1	1
trend	1	1
relatively	1	1
detailed	1	1
broad	1	1
know	1	1
cert	1	1
differences	1	1
description	1	1
robust	1	1
much	1	1
lol	1	1
machine	1	1
searchable	1	1
battlefield	1	1
efficacy	1	1
maybe	1	1
love	1	1
labs	1	1
economy	1	1
appropriately	1	1
uk	1	1
malicious	1	1
intern	1	1
advantage	1	1
defend	1	1
dollars	1	1
integrated	1	1
interchangeably	1	1
cleveland	1	1
principles	1	1
widely	1	1
studies	1	1
durations	1	1
tempo	1	1
leading	1	1
compromising	1	1
sized	1	1
tightly	1	1
answering	1	1
open	1	1
would	1	1
smartphones	1	1
summary	1	1
response	1	1
pertaining	1	1
specify	1	1
actionable	1	1
inherent	1	1
considerations	1	1
monitor	1	1
four	1	1
aswell	1	1
finding	1	1
trees	1	1
cra	1	1
sonnet	1	1
hence	1	1
meetings	1	1
describes	1	1
deepseek	1	1
sophisticated	1	1
blocking	1	1
systematically	1	1
experience	1	1
interview	1	1
depending	1	1
bit	1	1
int	1	1
cutting	1	1
language	1	1
because	1	1
friend	1	1
penetration	1	1
smaller	1	1
turns	1	1
suitable	1	1
another	1	1
feedback	1	1
shadow	1	1
construction	1	1
intricate	1	1
explain	1	1
yearly	1	1
bodies	1	1
firstly	1	1
billions	1	1
mitigate	1	1
got	1	1
automation	1	1
implementing	1	1
capacity	1	1
input	1	1
disrupt	1	1
constantly	1	1
links	1	1
foci	1	1
education	1	1
urgency	1	1
rtmp	1	1
comparing	1	1
hypergraphs	1	1
makers	1	1
equated	1	1
dropper	1	1
allows	1	1
delves	1	1
helping	1	1
show	1	1
counterparts	1	1
detect	1	1
defense	1	1
converged	1	1
decisions	1	1
synthesized	1	1
top	1	1
lot	1	1
heavy	1	1
wherein	1	1
outlines	1	1
decision	1	1
transforming	1	1
abilities	1	1
impossible	1	1
off	1	1
unique	1	1
encourages	1	1
than	1	1
market	1	1
respecting	1	1
willing	1	1
synthesis	1	1
superior	1	1
overall	1	1
succeeded	1	1
always	1	1
ports	1	1
cyberattack	1	1
good	1	1
analyser	1	1
countries	1	1
least	1	1
positions	1	1
malwarebyte	1	1
universities	1	1
country	1	1
frequency	1	1
limiting	1	1
faceted	1	1
experimental	1	1
safety	1	1
contribution	1	1
sustainable	1	1
origins	1	1
bioinformatics	1	1
perspective	1	1
either	1	1
sequences	1	1
tasks	1	1
yall	1	1
specified	1	1
predictability	1	1
believe	1	1
integral	1	1
achievedif	1	1
involved	1	1
preliminary	1	1
newcomers	1	1
build	1	1
examining	1	1
supervisor	1	1
ii	1	1
surveys	1	1
vehicles	1	1
re	1	1
optimisation	1	1
databases	1	1
g	1	1
constraint	1	1
effect	1	1
already	1	1
although	1	1
typically	1	1
indeed	1	1
quality	1	1
effects	1	1
lawyers	1	1
executable	1	1
empowered	1	1
use	1	1
varied	1	1
due	1	1
analysing	1	1
year	1	1
relevant	1	1
yields	1	1
proliferation	1	1
extended	1	1
self	1	1
slices	1	1
entire	1	1
deeply	1	1
though	1	1
securing	1	1
sussing	1	1
asked	1	1
founded	1	1
technical	1	1
path	1	1
see	1	1
consumers	1	1
covertness	1	1
emphasis	1	1
taken	1	1
likely	1	1
respect	1	1
applies	1	1
richness	1	1
advances	1	1
ir	1	1
obs	1	1
priorities	1	1
revealed	1	1
liable	1	1
politic	1	1
associated	1	1
gonna	1	1
prevent	1	1
both	1	1
perform	1	1
intercode	1	1
building	1	1
costly	1	1
having	1	1
ability	1	1
outperform	1	1
easy	1	1
match	1	1
endeavour	1	1
equations	1	1
plugin	1	1
october	1	1
designing	1	1
feasibility	1	1
proof	1	1
yielded	1	1
board	1	1
oriented	1	1
incorporated	1	1
landscape	1	1
nothing	1	1
focusing	1	1
maritime	1	1
classifiers	1	1
according	1	1
detecting	1	1
wi	1	1
actor	1	1
produced	1	1
critically	1	1
gave	1	1
workshop	1	1
